{
  "ambient_light": 0.0,
  "bed_works": false,
  "coordinate_scale": 1.0,
  "effects": "minecraft:the_end",
  "fixed_time": 6000,
  "has_ceiling": false,
  "has_raids": true,
  "has_skylight": false,
  "height": 1024,
  "infiniburn": "#minecraft:infiniburn_end",
  "logical_height": 1024,
  "min_y": -128,
  "monster_spawn_block_light_limit": 0,
  "monster_spawn_light_level": {
    "type": "minecraft:uniform",
      "max_inclusive": 7,
      "min_inclusive": 0
    },
  "natural": false,
  "piglin_safe": false,
  "respawn_anchor_works": false,
  "ultrawarm": false
}